timestamp,open,high,low,close,volume
2026-09-08T09:15:00+05:30,23743.1,23758.95,23680.65,23694.15,0
2026-09-08T09:20:00+05:30,23693.6,23695.4,23678.9,23679.5,0
2026-09-08T09:25:00+05:30,23680.6,23685.05,23669.2,23672.5,0
2026-09-08T09:30:00+05:30,23670.85,23680.05,23668.15,23676.0,0
2026-09-08T09:35:00+05:30,23676.4,23692.45,23674.6,23686.7,0
2026-09-08T09:40:00+05:30,23688.3,23690.7,23669.65,23674.35,0
2026-09-08T09:45:00+05:30,23673.9,23689.45,23671.85,23686.45,0
2026-09-08T09:50:00+05:30,23687.2,23691.6,23674.5,23678.55,0
2026-09-08T09:55:00+05:30,23679.55,23679.6,23664.7,23666.95,0
2026-09-08T10:00:00+05:30,23666.95,23674.85,23659.05,23659.7,0
2026-09-08T10:05:00+05:30,23661.3,23683.25,23657.15,23681.65,0
2026-09-08T10:10:00+05:30,23681.85,23708.5,23678.85,23707.9,0
2026-09-08T10:15:00+05:30,23708.75,23717.25,23695.35,23703.65,0
2026-09-08T10:20:00+05:30,23704.65,23708.85,23696.2,23698.25,0
2026-09-08T10:25:00+05:30,23699.1,23700.6,23686.6,23693.9,0
2026-09-08T10:30:00+05:30,23694.6,23701.6,23687.95,23692.35,0
2026-09-08T10:35:00+05:30,23693.0,23693.0,23669.2,23671.85,0
2026-09-08T10:40:00+05:30,23673.0,23674.0,23667.75,23669.3,0
2026-09-08T10:45:00+05:30,23669.8,23692.15,23669.55,23689.25,0
2026-09-08T10:50:00+05:30,23690.2,23698.6,23681.7,23682.35,0
2026-09-08T10:55:00+05:30,23683.0,23683.3,23669.3,23670.35,0
2026-09-08T11:00:00+05:30,23671.05,23671.75,23662.5,23662.6,0
2026-09-08T11:05:00+05:30,23663.35,23680.4,23662.1,23676.3,0
2026-09-08T11:10:00+05:30,23676.9,23681.1,23670.0,23677.65,0
2026-09-08T11:15:00+05:30,23678.25,23685.3,23671.3,23684.35,0
2026-09-08T11:20:00+05:30,23685.0,23685.0,23670.65,23672.55,0
2026-09-08T11:25:00+05:30,23673.15,23687.6,23670.95,23672.9,0
2026-09-08T11:30:00+05:30,23673.85,23680.7,23663.7,23667.55,0
2026-09-08T11:35:00+05:30,23669.25,23674.5,23666.75,23672.25,0
2026-09-08T11:40:00+05:30,23674.0,23676.8,23667.9,23673.35,0
2026-09-08T11:45:00+05:30,23673.3,23677.2,23661.45,23662.85,0
2026-09-08T11:50:00+05:30,23663.6,23671.45,23653.0,23668.75,0
2026-09-08T11:55:00+05:30,23669.1,23670.55,23653.55,23657.25,0
2026-09-08T12:00:00+05:30,23658.0,23658.55,23648.7,23649.1,0
2026-09-08T12:05:00+05:30,23649.65,23649.65,23637.75,23644.35,0
2026-09-08T12:10:00+05:30,23645.25,23654.05,23643.45,23649.7,0
2026-09-08T12:15:00+05:30,23650.6,23654.65,23644.2,23651.7,0
2026-09-08T12:20:00+05:30,23652.3,23661.45,23647.4,23658.85,0
2026-09-08T12:25:00+05:30,23659.45,23663.0,23654.3,23662.6,0
2026-09-08T12:30:00+05:30,23662.95,23669.2,23657.3,23663.8,0
2026-09-08T12:35:00+05:30,23665.0,23675.1,23663.8,23667.95,0
2026-09-08T12:40:00+05:30,23668.9,23671.65,23659.95,23660.65,0
2026-09-08T12:45:00+05:30,23660.8,23660.8,23649.4,23654.75,0
2026-09-08T12:50:00+05:30,23654.65,23657.75,23648.35,23656.6,0
2026-09-08T12:55:00+05:30,23656.55,23663.85,23654.9,23655.1,0
2026-09-08T13:00:00+05:30,23655.75,23660.8,23649.4,23650.45,0
2026-09-08T13:05:00+05:30,23651.25,23656.6,23649.15,23653.6,0
2026-09-08T13:10:00+05:30,23654.8,23662.25,23651.5,23661.3,0
2026-09-08T13:15:00+05:30,23661.7,23662.85,23652.5,23655.6,0
2026-09-08T13:20:00+05:30,23656.9,23658.15,23651.05,23652.75,0
2026-09-08T13:25:00+05:30,23653.7,23653.85,23645.6,23647.05,0
2026-09-08T13:30:00+05:30,23648.45,23651.3,23638.65,23642.65,0
2026-09-08T13:35:00+05:30,23643.65,23653.95,23641.15,23644.85,0
2026-09-08T13:40:00+05:30,23644.55,23650.1,23638.1,23638.55,0
2026-09-08T13:45:00+05:30,23640.25,23645.65,23635.95,23639.75,0
2026-09-08T13:50:00+05:30,23641.5,23642.5,23623.1,23631.7,0
2026-09-08T13:55:00+05:30,23632.25,23637.7,23631.05,23633.75,0
2026-09-08T14:00:00+05:30,23634.8,23646.5,23633.0,23644.85,0
2026-09-08T14:05:00+05:30,23645.55,23656.65,23643.55,23648.15,0
2026-09-08T14:10:00+05:30,23649.55,23656.9,23646.0,23649.1,0
2026-09-08T14:15:00+05:30,23649.9,23659.25,23646.7,23653.2,0
2026-09-08T14:20:00+05:30,23654.15,23656.8,23648.6,23650.6,0
2026-09-08T14:25:00+05:30,23651.65,23656.15,23642.7,23654.0,0
2026-09-08T14:30:00+05:30,23654.95,23658.3,23648.3,23656.65,0
2026-09-08T14:35:00+05:30,23657.2,23658.85,23645.85,23649.0,0
2026-09-08T14:40:00+05:30,23649.4,23654.75,23645.5,23648.15,0
2026-09-08T14:45:00+05:30,23648.7,23649.2,23640.65,23641.3,0
2026-09-08T14:50:00+05:30,23642.8,23647.85,23637.5,23647.85,0
2026-09-08T14:55:00+05:30,23647.4,23648.3,23638.25,23644.55,0
2026-09-08T15:00:00+05:30,23642.75,23649.55,23638.75,23642.25,0
2026-09-08T15:05:00+05:30,23642.25,23647.3,23637.0,23647.3,0
2026-09-08T15:10:00+05:30,23646.0,23659.3,23634.1,23641.1,0
2026-09-08T15:15:00+05:30,23640.05,23640.05,23640.05,23640.05,0
2026-09-08T15:20:00+05:30,23640.05,23640.05,23640.05,23640.05,0
2026-09-08T15:25:00+05:30,23640.05,23640.05,23635.1,23635.1,0
